{"base_lr": 2.0119819819819815e-06, "lr": 2.0119819819819815e-06, "data_time": 0.1306912899017334, "loss": 1.8008369604746501, "loss_cls": 1.2256626884142559, "loss_bbox": 0.5751742223898569, "time": 0.9257152080535889, "epoch": 1, "iter": 3, "step": 3}
{"base_lr": 5.0149549549549535e-06, "lr": 5.0149549549549535e-06, "data_time": 0.07297913233439128, "loss": 1.9404438734054565, "loss_cls": 1.3302155037720997, "loss_bbox": 0.6102283249298731, "time": 1.0318384170532227, "epoch": 2, "iter": 6, "step": 6}
{"base_lr": 8.017927927927926e-06, "lr": 8.017927927927926e-06, "data_time": 0.0600282351175944, "loss": 2.00929061571757, "loss_cls": 1.3536682195133634, "loss_bbox": 0.655622359779146, "time": 0.9261939260694716, "epoch": 3, "iter": 9, "step": 9}
{"base_lr": 1.10209009009009e-05, "lr": 1.10209009009009e-05, "data_time": 0.050174554189046226, "loss": 2.077734132607778, "loss_cls": 1.4155272096395493, "loss_bbox": 0.6622069055835406, "time": 0.8299556771914164, "epoch": 4, "iter": 12, "step": 12}
{"base_lr": 1.4023873873873872e-05, "lr": 1.4023873873873872e-05, "data_time": 0.048457098007202146, "loss": 2.1147157192230224, "loss_cls": 1.4214175820350647, "loss_bbox": 0.6932981391747792, "time": 0.8494961897532145, "epoch": 5, "iter": 15, "step": 15}
{"base_lr": 1.7026846846846844e-05, "lr": 1.7026846846846844e-05, "data_time": 0.0463252862294515, "loss": 2.147125389840868, "loss_cls": 1.430517511235343, "loss_bbox": 0.7166078802612093, "time": 0.8250419828626845, "epoch": 6, "iter": 18, "step": 18}
{"base_lr": 2.002981981981982e-05, "lr": 2.002981981981982e-05, "data_time": 0.04272816294715518, "loss": 2.1664615812755765, "loss_cls": 1.452108505226317, "loss_bbox": 0.7143530859833672, "time": 0.7921355678921654, "epoch": 7, "iter": 21, "step": 21}
{"base_lr": 2.303279279279279e-05, "lr": 2.303279279279279e-05, "data_time": 0.0402163565158844, "loss": 2.1595231195290885, "loss_cls": 1.434460110962391, "loss_bbox": 0.7250630197425684, "time": 0.7785073419411978, "epoch": 8, "iter": 24, "step": 24}
{"base_lr": 2.6035765765765764e-05, "lr": 2.6035765765765764e-05, "data_time": 0.04011110023215965, "loss": 2.1359329841755055, "loss_cls": 1.4097751754301566, "loss_bbox": 0.7261578164718769, "time": 0.8011493153042264, "epoch": 9, "iter": 27, "step": 27}
{"base_lr": 2.9038738738738736e-05, "lr": 2.9038738738738736e-05, "data_time": 0.0414213498433431, "loss": 2.1280547817548117, "loss_cls": 1.4059374670187632, "loss_bbox": 0.7221173197031021, "time": 0.7932883977890015, "epoch": 10, "iter": 30, "step": 30}
{"coco/bbox_mAP": 0.34, "coco/bbox_mAP_50": 0.586, "coco/bbox_mAP_75": 0.312, "coco/bbox_mAP_s": 0.225, "coco/bbox_mAP_m": 0.226, "coco/bbox_mAP_l": 0.548, "data_time": 0.6008077462514242, "time": 1.1608305772145588, "step": 10}
{"base_lr": 3.204171171171171e-05, "lr": 3.204171171171171e-05, "data_time": 0.12662265517494894, "loss": 2.12920386502237, "loss_cls": 1.4068795171650974, "loss_bbox": 0.7223243487603737, "time": 3.2958091389049184, "epoch": 11, "iter": 33, "step": 33}
{"base_lr": 3.5044684684684686e-05, "lr": 3.5044684684684686e-05, "data_time": 0.2027421858575609, "loss": 2.1072323520978293, "loss_cls": 1.3900924904478922, "loss_bbox": 0.717139864133464, "time": 3.6982991695404053, "epoch": 12, "iter": 36, "step": 36}
